codice, ancillary, l1a-sci-lut
codice, ancillary, l2-hi-energy-table
codice, ancillary, l2-hi-omni-efficiency
codice, ancillary, l2-hi-sectored-efficiency
codice, ancillary, l2-hi-tof-table
codice, ancillary, l2-lo-efficiency
codice, ancillary, l2-lo-gfactor
codice, ancillary, l2-lo-onboard-energy-bins
codice, ancillary, l2-lo-onboard-energy-table
codice, ancillary, l2-lo-onboard-mpq-cal
codice, ancillary, lo-energy-per-charge
codice, ancillary, lo-mass-species-bin-lookup
codice, ancillary, mass-coefficient-lookup
codice, ancillary, mass-per-charge

glows, ancillary, calibration-data
glows, ancillary, conversion-table-for-anc-data
glows, ancillary, exclusions-by-instr-team
glows, ancillary, map-of-excluded-regions
glows, ancillary, map-of-extra-helio-bckgrd
glows, ancillary, map-of-uv-sources
glows, ancillary, pipeline-settings
glows, ancillary, suspected-transients
glows, ancillary, time-dep-bckgrd

glows, ancillary, bad-days-list
glows, ancillary, electron-density-2010a
glows, ancillary, energy-grid-hi
glows, ancillary, energy-grid-lo
glows, ancillary, energy-grid-ultra
glows, ancillary, ionization-files
glows, ancillary, lya-2010a
glows, ancillary, photoion-2010a
glows, ancillary, pipeline-settings-l3bcde
glows, ancillary, plasma-speed-2010a
glows, ancillary, proton-density-2010a
glows, ancillary, tess-xyz-8
glows, ancillary, uv-anisotropy-1CR
glows, ancillary, uv-anisotropy-2010a
glows, ancillary, WawHelioIonMP

hi, ancillary, 45sensor-cal-prod
hi, ancillary, 45sensor-esa-energies
hi, ancillary, 45sensor-esa-eta-fit-factors
hi, ancillary, 90sensor-cal-prod
hi, ancillary, 90sensor-esa-energies
hi, ancillary, 90sensor-esa-eta-fit-factors

hit, ancillary, hi-gain-lookup
hit, ancillary, hit-event-type-lookup
hit, ancillary, l1b-to-l2-macropixel-dt0-factors
hit, ancillary, l1b-to-l2-macropixel-dt1-factors
hit, ancillary, l1b-to-l2-macropixel-dt2-factors
hit, ancillary, l1b-to-l2-macropixel-dt3-factors
hit, ancillary, l1b-to-l2-standard-dt0-factors
hit, ancillary, l1b-to-l2-standard-dt1-factors
hit, ancillary, l1b-to-l2-standard-dt2-factors
hit, ancillary, l1b-to-l2-standard-dt3-factors
hit, ancillary, l1b-to-l2-summed-dt0-factors
hit, ancillary, l1b-to-l2-summed-dt1-factors
hit, ancillary, l1b-to-l2-summed-dt2-factors
hit, ancillary, l1b-to-l2-summed-dt3-factors
hit, ancillary, lo-gain-lookup
hit, ancillary, range-2A-charge-fit-lookup
hit, ancillary, range-2A-cosine-lookup
hit, ancillary, range-2B-charge-fit-lookup
hit, ancillary, range-2B-cosine-lookup
hit, ancillary, range-3A-charge-fit-lookup
hit, ancillary, range-3A-cosine-lookup
hit, ancillary, range-3B-charge-fit-lookup
hit, ancillary, range-3B-cosine-lookup
hit, ancillary, range-4A-charge-fit-lookup
hit, ancillary, range-4A-cosine-lookup
hit, ancillary, range-4B-charge-fit-lookup
hit, ancillary, range-4B-cosine-lookup

idex, ancillary, l2a-calibration-curve-t-rise
idex, ancillary, l2a-calibration-curve-yield-params

lo, ancillary, bad-times
lo, ancillary, esa-eta-fit-factors
lo, ancillary, esa-mode-lut
lo, ancillary, good-times
lo, ancillary, hydrogen-background
lo, ancillary, oxygen-background
lo, ancillary, sweep-table

mag, ancillary, l1b-calibration
mag, ancillary, l1d-calibration
mag, ancillary, l2-burst-offsets
mag, ancillary, l2-calibration
mag, ancillary, l2-norm-offsets

swapi, ancillary, alpha-density-temperature-lut
swapi, ancillary, clock-angle-and-flow-deflection-lut
swapi, ancillary, density-of-neutral-helium-lut
swapi, ancillary, efficiency-lut
swapi, ancillary, energy-gf-pui-lut
swapi, ancillary, energy-gf-sw-lut
swapi, ancillary, esa-unit-conversion
swapi, ancillary, helium-inflow-vector
swapi, ancillary, hydrogen-inflow-vector
swapi, ancillary, instrument-response-lut
swapi, ancillary, lut-notes
swapi, ancillary, proton-density-temperature-lut

swe, ancillary, config
swe, ancillary, esa-lut
swe, ancillary, eu-conversion
swe, ancillary, l1b-in-flight-cal

ultra, ancillary, l1b-45sensor-back-pos-lookup
ultra, ancillary, l1b-45sensor-imgparams-lookup
ultra, ancillary, l1b-45sensor-leftslit-lookup
ultra, ancillary, l1b-45sensor-logistic-interpolation
ultra, ancillary, l1b-45sensor-rightslit-lookup
ultra, ancillary, l1b-45sensor-spbtphcorr
ultra, ancillary, l1b-45sensor-sptpphcorr
ultra, ancillary, l1b-45sensor-tdc-norm-lookup
ultra, ancillary, l1b-45sensor-tofxeflat
ultra, ancillary, l1b-45sensor-tofxemedium
ultra, ancillary, l1b-45sensor-tofxesteep
ultra, ancillary, l1b-90sensor-back-pos-lookup
ultra, ancillary, l1b-90sensor-imgparams-lookup
ultra, ancillary, l1b-90sensor-leftslit-lookup
ultra, ancillary, l1b-90sensor-rightslit-lookup
ultra, ancillary, l1b-90sensor-scattering-calibration-data
ultra, ancillary, l1b-90sensor-spbtphcorr
ultra, ancillary, l1b-90sensor-sptpphcorr
ultra, ancillary, l1b-90sensor-tdc-norm-lookup
ultra, ancillary, l1b-90sensor-tofxeflat
ultra, ancillary, l1b-90sensor-tofxemedium
ultra, ancillary, l1b-90sensor-tofxesteep
ultra, ancillary, l1b-egynorm-lookup
ultra, ancillary, l1b-scattering-thresholds-per-energy
ultra, ancillary, l1b-sensor-gf-blades
ultra, ancillary, l1b-sensor-gf-noblades
ultra, ancillary, l1b-tofxph
ultra, ancillary, l1b-yadjust-lookup
ultra, ancillary, l1c-45sensor-sc-pointing-bsf
ultra, ancillary, l1c-45sensor-sc-pointing-index
ultra, ancillary, l1c-45sensor-sc-pointing-phi
ultra, ancillary, l1c-45sensor-sc-pointing-theta
ultra, ancillary, l1c-45sensor-static-dead-times
ultra, ancillary, l1c-90sensor-sc-pointing-bsf
ultra, ancillary, l1c-90sensor-sc-pointing-index
ultra, ancillary, l1c-90sensor-sc-pointing-phi
ultra, ancillary, l1c-90sensor-sc-pointing-theta
ultra, ancillary, l1c-90sensor-static-dead-times
ultra, ancillary, ulc-spx-energy-ranges
