lo,l0, raw
lo,l1a,histogram
lo,l1a,nhk
lo,l1a,shk
lo,l1a,spin
lo,l1a,star
lo,l1a,de
lo,l1b,histrates
lo,l1b,monitorrates
lo,l1b,instrument-status-summary
lo,l1b, badtimes
lo,l1b, de
lo,l1b, derates
lo,l1b, prostar
lo,l1b,nhk
lo,l1b,shk
lo,L1b,good-times
lo,l1b,bgrates
lo,l1c, pset
lo,l2,l090-ena-h-hf-nsp-ram-hae-6deg-1yr
lo,l2,l090-ena-h-hk-nsp-ram-hae-6deg-1yr
lo,l2,l090-ena-h-sf-nsp-ram-hae-6deg-1yr
lo,l2,l090-ena-o-sf-nsp-ram-hae-6deg-1yr
lo,l2,l090-isn-h-sf-nsp-ram-hae-6deg-1yr
lo,l2,l090-isn-o-sf-nsp-ram-hae-6deg-1yr
lo,l2,t090-ena-h-sf-nsp-ram-hae-6deg-1yr
lo,l2,t090-isn-h-sf-nsp-ram-hae-6deg-1yr
lo,l2,t090-isn-o-sf-nsp-ram-hae-6deg-1yr
lo,l3,l090-isn-h-sf-nsp-ram-hae-6deg-1yr
lo,l3,l090-isn-o-sf-nsp-ram-hae-6deg-1yr
lo,l3,l090-spx-h-hf-nsp-ram-hae-6deg-1yr
lo,l3,l090-spx-h-hf-sp-ram-hae-6deg-1yr
lo,l3,l090-spx-h-sf-nsp-ram-hae-6deg-1yr
lo,l3,l090-spx-h-sf-sp-ram-hae-6deg-1yr
lo,l3,l090-spxnbs-h-hk-nsp-ram-hae-6deg-1yr
lo,l3,l090-spxnbs-h-sf-nsp-ram-hae-6deg-1yr